<?xml version="1.0" encoding="UTF-8"?>
<all_news>
 <news>
  <id>32</id>
  <headline>h2</headline>
  <body>&lt;p&gt;2222&lt;/p&gt;</body>
  <creationTime>2018-07-23 02:21:10</creationTime>
 </news>
 <news>
  <id>31</id>
  <headline>hi 1</headline>
  <body>&lt;p&gt;1111&lt;/p&gt;</body>
  <creationTime>2018-07-23 02:21:02</creationTime>
 </news>
 <news>
  <id>30</id>
  <headline>hi you</headline>
  <body>&lt;p&gt;bbbbbbbbbbbbbbbbbb&lt;/p&gt;</body>
  <creationTime>2018-07-23 01:16:44</creationTime>
 </news>
 <news>
  <id>29</id>
  <headline>go dddd</headline>
  <body>&lt;p&gt;dddd&lt;/p&gt;</body>
  <creationTime>2018-07-23 01:16:08</creationTime>
 </news>
 <news>
  <id>27</id>
  <headline>you </headline>
  <body>&lt;p&gt;qqqq&lt;/p&gt;</body>
  <creationTime>2018-07-23 01:13:37</creationTime>
 </news>
 <news>
  <id>25</id>
  <headline>aaa</headline>
  <body>&lt;p&gt;aqqqqqqqqqqqqq&lt;/p&gt;</body>
  <creationTime>2018-07-23 00:33:39</creationTime>
 </news>
</all_news>
